<?xml version="1.0"?>
<!DOCTYPE instanceDescription SYSTEM "instance.dtd">

<instanceDescription name="F15"> 
<InstanceTypes> <BaseType> AIRCRAFT </BaseType>
<AssertedTypes>
<concept>AIRCRAFT</concept>
<concept>FIGHTER-ATTACK-AIRCRAFT</concept>
</AssertedTypes>
<DirectTypes>
<concept>FIGHTER-ATTACK-AIRCRAFT</concept>
</DirectTypes> </InstanceTypes><Documentation>  </Documentation><InstanceRoles> <DetailedRole> <relation> R-AIRCRAFT-MISSION-TYPES </relation><RoleValues> <instance> DEFENSIVE-COUNTERAIR </instance> </RoleValues> </DetailedRole><DetailedRole> <relation> R-AIRCRAFT-PRIMARY-MISSION-TYPES </relation><RoleValues> <instance> DEFENSIVE-COUNTERAIR </instance> </RoleValues> </DetailedRole> </InstanceRoles> </instanceDescription>
