<?xml version="1.0"?>
<!DOCTYPE methodDescription SYSTEM "method.dtd">

<methodDescription primitivep="F" name="INSPECT-ACPLAN"> 
<nlDescription> inspect an acplan </nlDescription>
<MethodGoal><VarGoalForm><GoalName>INSPECT</GoalName><ManyVarGoalArgument><VarGoalArgument><ParameterName>OBJ</ParameterName><MethodGoalArgument><VariableName>?P</VariableName><t>IS</t><ComplexData><edt
name="INST-OF"></edt><ConceptName>ACPLAN</ConceptName></ComplexData></MethodGoalArgument></VarGoalArgument></ManyVarGoalArgument></VarGoalForm></MethodGoal>

<MethodResult><ComplexData><edt name="SET-OF"></edt><edt name="INST-OF"></edt><ConceptName>BOOLEAN</ConceptName></ComplexData></MethodResult>

<MethodBody><BlockExpression><Expression><Form><GoalForm><GoalName>CHECK-IF</GoalName><ManyGoalParameters><GoalParameter><ParameterName>OBJ</ParameterName><Expression><Data><VariableName>?P</VariableName></Data></Expression></GoalParameter><GoalParameter><ParameterName>HAS</ParameterName><Expression><ComplexData><edt
name="SPEC-OF"></edt><ConceptName>ACP-INCONSISTENCY</ConceptName></ComplexData></Expression></GoalParameter></ManyGoalParameters></GoalForm></Form></Expression></BlockExpression></MethodBody>
<resultRefiner></resultRefiner><StorageInfo></StorageInfo><PostProcessing></PostProcessing>
<superMethods>
</superMethods>
<subMethods>
</subMethods>
<refPsnodes STATUS="TREE">
<method>PS-AN2</method>
</refPsnodes>
<refExenodes STATUS="NOTREE">  </refExenodes>
<refAgendaItems>
</refAgendaItems>
<refGroups>
</refGroups>
<refMacrocomponents>
</refMacrocomponents> </methodDescription>
