<?xml version="1.0"?>
<!DOCTYPE psnodeDescription SYSTEM "psnode.dtd">

<psnodeDescription hasFailed="F" type="GOAL" enodeOrAnode="enode" name="ps-en1"> 

<NodeExpression> <BlockExpression><Expression><Form><GoalForm><GoalName>ESTIMATE</GoalName><ManyGoalParameters><GoalParameter><ParameterName>OBJ</ParameterName><Expression><ComplexData><t name="SPEC-OF"></t><ConceptName>TIME</ConceptName></ComplexData></Expression></GoalParameter><GoalParameter><ParameterName>FOR</ParameterName><Expression><ComplexData><t name="INST-OF"></t><ConceptName>WORKAROUND-PLAN</ConceptName></ComplexData></Expression></GoalParameter></ManyGoalParameters></GoalForm></Form></Expression></BlockExpression> </NodeExpression>

<NodeSubExpressions>  </NodeSubExpressions>

<NodeExpandedExpression> <BlockExpression><Expression><Form><GoalForm><GoalName>ESTIMATE</GoalName><ManyGoalParameters><GoalParameter><ParameterName>OBJ</ParameterName><Expression><ComplexData><t name="SPEC-OF"></t><ConceptName>TIME</ConceptName></ComplexData></Expression></GoalParameter><GoalParameter><ParameterName>FOR</ParameterName><Expression><ComplexData><t name="INST-OF"></t><ConceptName>WORKAROUND-PLAN</ConceptName></ComplexData></Expression></GoalParameter></ManyGoalParameters></GoalForm></Form></Expression></BlockExpression> </NodeExpandedExpression>

<NodeResult> <ComplexData><t name="INST-OF"></t><ConceptName>NUMBER</ConceptName></ComplexData> </NodeResult>

<ParentPsnodes>
</ParentPsnodes>
<ChildPsnodes>
</ChildPsnodes>
<OriginatingMethods>
</OriginatingMethods>
<CurrentAnode>
<psnode>ps-an2</psnode>
</CurrentAnode>

<PreferencesNotTried>
<psnode>(LOOM:SET FUTURE-COMMON-LISP:APPEND)</psnode>
<psnode>(BS::COVERING FUTURE-COMMON-LISP:APPEND)</psnode>
<psnode>(BS::INPUT FUTURE-COMMON-LISP:OR)</psnode>
</PreferencesNotTried>

<FailedAnodes>
</FailedAnodes>
 </psnodeDescription>