<?xml version="1.0"?>
<!DOCTYPE tboxDescription SYSTEM "relation.dtd">

<tboxDescription name="R-ACPLAN-ACP-OBJECTIVES"> 

<Definition> (defrelation <relation>R-ACPLAN-ACP-OBJECTIVES</relation>
   :IS-PRIMITIVE :PRIMITIVE
   :IMPLIES (:AND (:DOMAIN <concept>ACPLAN</concept>)
                  (:RANGE <concept>ACP-OBJECTIVE</concept>))
   :ANTECEDENTS (:OR <relation>R-ACPLAN-CINC-AND-AIR-OBJECTIVES</relation>
                     <relation>R-ACPLAN-TASK-OBJECTIVES</relation>))

 </Definition><Documentation>  </Documentation> </tboxDescription>