 <?xml version="1.0"?>
<!DOCTYPE conceptDescription SYSTEM "concept.dtd">

<conceptDescription name="MILITARY-BRIDGE"> 

<Definition> (defconcept <concept>MILITARY-BRIDGE</concept>
   :IS-PRIMITIVE (:AND <concept>ENGINEERING-EQUIPMENT</concept>
                       <concept>BRIDGE</concept>)
   :ANNOTATIONS ((<relation>DOCUMENTATION</relation> "The class of fixed-span and floating bridges 
used by the military"))
   :ROLES ((<relation>EMPLACEMENT-TIME</relation> :TYPE
                       <concept>TIME-QUANTITY</concept>)
           (NUM-BAYS :TYPE
                     <concept>INTEGER</concept>)
           (MAX-LENGTH :TYPE
                       <concept>DISTANCE-QUANTITY</concept>)
           (MAX-FORWARD-SLOPE :TYPE
                       <concept>QUANTITY</concept>)))

 </Definition><subConcepts> 
<concept> M4T6-FIXED-BRIDGE </concept>
<concept> FLOATING-BRIDGE </concept>
<concept> BAILEY-BRIDGE </concept>
<concept> MGB </concept>
<concept> AVLB </concept> </subConcepts><superConcepts> 
<concept> BRIDGE </concept>
<concept> ENGINEERING-EQUIPMENT </concept> </superConcepts><Siblings> 
<WithCommonParent name="ENGINEERING-EQUIPMENT">
<concept>AMMUNITION</concept>
<concept>DEMINING-EQUIPMENT</concept>
<concept>MILITARY-CRANE</concept>
<concept>MILITARY-DOZER</concept>
<concept>MINE-PLOW</concept>
<concept>TANK-BLADE</concept>
</WithCommonParent> </Siblings><Roles> <DetailedRole> <Relation> CROSS-SECTION </Relation>
<Type>
<concept>GEOGRAPHICAL-GAP</concept>
</Type><MinCardinality> 0 </MinCardinality><MaxCardinality> 1 </MaxCardinality>
<StrictValues>
</StrictValues>
<DefaultValues>
</DefaultValues> </DetailedRole><DetailedRole> <Relation> DAMAGED-GAP-WIDTH </Relation>
<Type>
<concept>DISTANCE-QUANTITY</concept>
</Type><MinCardinality> 0 </MinCardinality><MaxCardinality> 1 </MaxCardinality>
<StrictValues>
</StrictValues>
<DefaultValues>
</DefaultValues> </DetailedRole><DetailedRole> <Relation> EMPLACEMENT-TIME </Relation>
<Type>
<concept>NUMBER</concept>
</Type><MinCardinality> 0 </MinCardinality><MaxCardinality> 1 </MaxCardinality>
<StrictValues>
</StrictValues>
<DefaultValues>
</DefaultValues> </DetailedRole><DetailedRole> <Relation> FAR-APPROACH </Relation>
<Type>
<concept>GEOGRAPHICAL-APPROACH</concept>
</Type><MinCardinality> 0 </MinCardinality><MaxCardinality>  </MaxCardinality>
<StrictValues>
</StrictValues>
<DefaultValues>
</DefaultValues> </DetailedRole><DetailedRole> <Relation> MAX-FORWARD-SLOPE </Relation>
<Type>
<concept>QUANTITY</concept>
</Type><MinCardinality> 0 </MinCardinality><MaxCardinality> 1 </MaxCardinality>
<StrictValues>
</StrictValues>
<DefaultValues>
</DefaultValues> </DetailedRole><DetailedRole> <Relation> MAX-LENGTH </Relation>
<Type>
<concept>DISTANCE-QUANTITY</concept>
</Type><MinCardinality> 0 </MinCardinality><MaxCardinality> 1 </MaxCardinality>
<StrictValues>
</StrictValues>
<DefaultValues>
</DefaultValues> </DetailedRole><DetailedRole> <Relation> MAX-SLOPE </Relation>
<Type>
<concept>QUANTITY</concept>
</Type><MinCardinality> 0 </MinCardinality><MaxCardinality>  </MaxCardinality>
<StrictValues>
</StrictValues>
<DefaultValues>
</DefaultValues> </DetailedRole><DetailedRole> <Relation> MAX-TRAFFIC-CLASS </Relation>
<Type>
<concept>INTEGER</concept>
</Type><MinCardinality> 0 </MinCardinality><MaxCardinality> 1 </MaxCardinality>
<StrictValues>
</StrictValues>
<DefaultValues>
</DefaultValues> </DetailedRole><DetailedRole> <Relation> NEAR-APPROACH </Relation>
<Type>
<concept>GEOGRAPHICAL-APPROACH</concept>
</Type><MinCardinality> 0 </MinCardinality><MaxCardinality>  </MaxCardinality>
<StrictValues>
</StrictValues>
<DefaultValues>
</DefaultValues> </DetailedRole><DetailedRole> <Relation> NUM-BAYS </Relation>
<Type>
<concept>INTEGER</concept>
</Type><MinCardinality> 0 </MinCardinality><MaxCardinality> 1 </MaxCardinality>
<StrictValues>
</StrictValues>
<DefaultValues>
</DefaultValues> </DetailedRole><DetailedRole> <Relation> OBJECT-FOUND-IN-LOCATION </Relation>
<Type>
<concept>LOCATION</concept>
</Type><MinCardinality> 0 </MinCardinality><MaxCardinality> 1 </MaxCardinality>
<StrictValues>
</StrictValues>
<DefaultValues>
</DefaultValues> </DetailedRole><DetailedRole> <Relation> SOIL-OF </Relation>
<Type>
<concept>SOIL-TYPE</concept>
</Type><MinCardinality> 0 </MinCardinality><MaxCardinality>  </MaxCardinality>
<StrictValues>
</StrictValues>
<DefaultValues>
</DefaultValues> </DetailedRole><DetailedRole> <Relation> VEGETATION-OF </Relation>
<Type>
<concept>VEGETATION-TYPE</concept>
</Type><MinCardinality> 0 </MinCardinality><MaxCardinality>  </MaxCardinality>
<StrictValues>
</StrictValues>
<DefaultValues>
</DefaultValues> </DetailedRole> </Roles><Instances total="2" nonDirect="2" direct="0"> <DirectInstances>  </DirectInstances>
<NonDirectInstances> <instance> AVLB1 </instance><instance> MGB1 </instance> </NonDirectInstances> </Instances> </conceptDescription>
